stage_id,balancing_type_horizon,horizon,tmp_start,tmp_start_spinup_or_lookahead,tmp_end,tmp_end_spinup_or_lookahead
1,year,2030,20300001,0,20308760,0
1,year,2035,20350001,0,20358760,0
1,month,203001,20300001,0,20300744,0
1,month,203002,20300745,0,20301416,0
1,month,203003,20301417,0,20302160,0
1,month,203004,20302161,0,20302880,0
1,month,203005,20302881,0,20303624,0
1,month,203006,20303625,0,20304344,0
1,month,203007,20304345,0,20305088,0
1,month,203008,20305089,0,20305832,0
1,month,203009,20305833,0,20306552,0
1,month,203010,20306553,0,20307296,0
1,month,203011,20307297,0,20308016,0
1,month,203012,20308017,0,20308760,0
1,month,203501,20350001,0,20350744,0
1,month,203502,20350745,0,20351416,0
1,month,203503,20351417,0,20352160,0
1,month,203504,20352161,0,20352880,0
1,month,203505,20352881,0,20353624,0
1,month,203506,20353625,0,20354344,0
1,month,203507,20354345,0,20355088,0
1,month,203508,20355089,0,20355832,0
1,month,203509,20355833,0,20356552,0
1,month,203510,20356553,0,20357296,0
1,month,203511,20357297,0,20358016,0
1,month,203512,20358017,0,20358760,0
1,day,2030001,20300001,0,20300024,0
1,day,2030002,20300025,0,20300048,0
1,day,2030003,20300049,0,20300072,0
1,day,2030004,20300073,0,20300096,0
1,day,2030005,20300097,0,20300120,0
1,day,2030006,20300121,0,20300144,0
1,day,2030007,20300145,0,20300168,0
1,day,2030008,20300169,0,20300192,0
1,day,2030009,20300193,0,20300216,0
1,day,2030010,20300217,0,20300240,0
1,day,2030011,20300241,0,20300264,0
1,day,2030012,20300265,0,20300288,0
1,day,2030013,20300289,0,20300312,0
1,day,2030014,20300313,0,20300336,0
1,day,2030015,20300337,0,20300360,0
1,day,2030016,20300361,0,20300384,0
1,day,2030017,20300385,0,20300408,0
1,day,2030018,20300409,0,20300432,0
1,day,2030019,20300433,0,20300456,0
1,day,2030020,20300457,0,20300480,0
1,day,2030021,20300481,0,20300504,0
1,day,2030022,20300505,0,20300528,0
1,day,2030023,20300529,0,20300552,0
1,day,2030024,20300553,0,20300576,0
1,day,2030025,20300577,0,20300600,0
1,day,2030026,20300601,0,20300624,0
1,day,2030027,20300625,0,20300648,0
1,day,2030028,20300649,0,20300672,0
1,day,2030029,20300673,0,20300696,0
1,day,2030030,20300697,0,20300720,0
1,day,2030031,20300721,0,20300744,0
1,day,2030032,20300745,0,20300768,0
1,day,2030033,20300769,0,20300792,0
1,day,2030034,20300793,0,20300816,0
1,day,2030035,20300817,0,20300840,0
1,day,2030036,20300841,0,20300864,0
1,day,2030037,20300865,0,20300888,0
1,day,2030038,20300889,0,20300912,0
1,day,2030039,20300913,0,20300936,0
1,day,2030040,20300937,0,20300960,0
1,day,2030041,20300961,0,20300984,0
1,day,2030042,20300985,0,20301008,0
1,day,2030043,20301009,0,20301032,0
1,day,2030044,20301033,0,20301056,0
1,day,2030045,20301057,0,20301080,0
1,day,2030046,20301081,0,20301104,0
1,day,2030047,20301105,0,20301128,0
1,day,2030048,20301129,0,20301152,0
1,day,2030049,20301153,0,20301176,0
1,day,2030050,20301177,0,20301200,0
1,day,2030051,20301201,0,20301224,0
1,day,2030052,20301225,0,20301248,0
1,day,2030053,20301249,0,20301272,0
1,day,2030054,20301273,0,20301296,0
1,day,2030055,20301297,0,20301320,0
1,day,2030056,20301321,0,20301344,0
1,day,2030057,20301345,0,20301368,0
1,day,2030058,20301369,0,20301392,0
1,day,2030059,20301393,0,20301416,0
1,day,2030060,20301417,0,20301440,0
1,day,2030061,20301441,0,20301464,0
1,day,2030062,20301465,0,20301488,0
1,day,2030063,20301489,0,20301512,0
1,day,2030064,20301513,0,20301536,0
1,day,2030065,20301537,0,20301560,0
1,day,2030066,20301561,0,20301584,0
1,day,2030067,20301585,0,20301608,0
1,day,2030068,20301609,0,20301632,0
1,day,2030069,20301633,0,20301656,0
1,day,2030070,20301657,0,20301680,0
1,day,2030071,20301681,0,20301704,0
1,day,2030072,20301705,0,20301728,0
1,day,2030073,20301729,0,20301752,0
1,day,2030074,20301753,0,20301776,0
1,day,2030075,20301777,0,20301800,0
1,day,2030076,20301801,0,20301824,0
1,day,2030077,20301825,0,20301848,0
1,day,2030078,20301849,0,20301872,0
1,day,2030079,20301873,0,20301896,0
1,day,2030080,20301897,0,20301920,0
1,day,2030081,20301921,0,20301944,0
1,day,2030082,20301945,0,20301968,0
1,day,2030083,20301969,0,20301992,0
1,day,2030084,20301993,0,20302016,0
1,day,2030085,20302017,0,20302040,0
1,day,2030086,20302041,0,20302064,0
1,day,2030087,20302065,0,20302088,0
1,day,2030088,20302089,0,20302112,0
1,day,2030089,20302113,0,20302136,0
1,day,2030090,20302137,0,20302160,0
1,day,2030091,20302161,0,20302184,0
1,day,2030092,20302185,0,20302208,0
1,day,2030093,20302209,0,20302232,0
1,day,2030094,20302233,0,20302256,0
1,day,2030095,20302257,0,20302280,0
1,day,2030096,20302281,0,20302304,0
1,day,2030097,20302305,0,20302328,0
1,day,2030098,20302329,0,20302352,0
1,day,2030099,20302353,0,20302376,0
1,day,2030100,20302377,0,20302400,0
1,day,2030101,20302401,0,20302424,0
1,day,2030102,20302425,0,20302448,0
1,day,2030103,20302449,0,20302472,0
1,day,2030104,20302473,0,20302496,0
1,day,2030105,20302497,0,20302520,0
1,day,2030106,20302521,0,20302544,0
1,day,2030107,20302545,0,20302568,0
1,day,2030108,20302569,0,20302592,0
1,day,2030109,20302593,0,20302616,0
1,day,2030110,20302617,0,20302640,0
1,day,2030111,20302641,0,20302664,0
1,day,2030112,20302665,0,20302688,0
1,day,2030113,20302689,0,20302712,0
1,day,2030114,20302713,0,20302736,0
1,day,2030115,20302737,0,20302760,0
1,day,2030116,20302761,0,20302784,0
1,day,2030117,20302785,0,20302808,0
1,day,2030118,20302809,0,20302832,0
1,day,2030119,20302833,0,20302856,0
1,day,2030120,20302857,0,20302880,0
1,day,2030121,20302881,0,20302904,0
1,day,2030122,20302905,0,20302928,0
1,day,2030123,20302929,0,20302952,0
1,day,2030124,20302953,0,20302976,0
1,day,2030125,20302977,0,20303000,0
1,day,2030126,20303001,0,20303024,0
1,day,2030127,20303025,0,20303048,0
1,day,2030128,20303049,0,20303072,0
1,day,2030129,20303073,0,20303096,0
1,day,2030130,20303097,0,20303120,0
1,day,2030131,20303121,0,20303144,0
1,day,2030132,20303145,0,20303168,0
1,day,2030133,20303169,0,20303192,0
1,day,2030134,20303193,0,20303216,0
1,day,2030135,20303217,0,20303240,0
1,day,2030136,20303241,0,20303264,0
1,day,2030137,20303265,0,20303288,0
1,day,2030138,20303289,0,20303312,0
1,day,2030139,20303313,0,20303336,0
1,day,2030140,20303337,0,20303360,0
1,day,2030141,20303361,0,20303384,0
1,day,2030142,20303385,0,20303408,0
1,day,2030143,20303409,0,20303432,0
1,day,2030144,20303433,0,20303456,0
1,day,2030145,20303457,0,20303480,0
1,day,2030146,20303481,0,20303504,0
1,day,2030147,20303505,0,20303528,0
1,day,2030148,20303529,0,20303552,0
1,day,2030149,20303553,0,20303576,0
1,day,2030150,20303577,0,20303600,0
1,day,2030151,20303601,0,20303624,0
1,day,2030152,20303625,0,20303648,0
1,day,2030153,20303649,0,20303672,0
1,day,2030154,20303673,0,20303696,0
1,day,2030155,20303697,0,20303720,0
1,day,2030156,20303721,0,20303744,0
1,day,2030157,20303745,0,20303768,0
1,day,2030158,20303769,0,20303792,0
1,day,2030159,20303793,0,20303816,0
1,day,2030160,20303817,0,20303840,0
1,day,2030161,20303841,0,20303864,0
1,day,2030162,20303865,0,20303888,0
1,day,2030163,20303889,0,20303912,0
1,day,2030164,20303913,0,20303936,0
1,day,2030165,20303937,0,20303960,0
1,day,2030166,20303961,0,20303984,0
1,day,2030167,20303985,0,20304008,0
1,day,2030168,20304009,0,20304032,0
1,day,2030169,20304033,0,20304056,0
1,day,2030170,20304057,0,20304080,0
1,day,2030171,20304081,0,20304104,0
1,day,2030172,20304105,0,20304128,0
1,day,2030173,20304129,0,20304152,0
1,day,2030174,20304153,0,20304176,0
1,day,2030175,20304177,0,20304200,0
1,day,2030176,20304201,0,20304224,0
1,day,2030177,20304225,0,20304248,0
1,day,2030178,20304249,0,20304272,0
1,day,2030179,20304273,0,20304296,0
1,day,2030180,20304297,0,20304320,0
1,day,2030181,20304321,0,20304344,0
1,day,2030182,20304345,0,20304368,0
1,day,2030183,20304369,0,20304392,0
1,day,2030184,20304393,0,20304416,0
1,day,2030185,20304417,0,20304440,0
1,day,2030186,20304441,0,20304464,0
1,day,2030187,20304465,0,20304488,0
1,day,2030188,20304489,0,20304512,0
1,day,2030189,20304513,0,20304536,0
1,day,2030190,20304537,0,20304560,0
1,day,2030191,20304561,0,20304584,0
1,day,2030192,20304585,0,20304608,0
1,day,2030193,20304609,0,20304632,0
1,day,2030194,20304633,0,20304656,0
1,day,2030195,20304657,0,20304680,0
1,day,2030196,20304681,0,20304704,0
1,day,2030197,20304705,0,20304728,0
1,day,2030198,20304729,0,20304752,0
1,day,2030199,20304753,0,20304776,0
1,day,2030200,20304777,0,20304800,0
1,day,2030201,20304801,0,20304824,0
1,day,2030202,20304825,0,20304848,0
1,day,2030203,20304849,0,20304872,0
1,day,2030204,20304873,0,20304896,0
1,day,2030205,20304897,0,20304920,0
1,day,2030206,20304921,0,20304944,0
1,day,2030207,20304945,0,20304968,0
1,day,2030208,20304969,0,20304992,0
1,day,2030209,20304993,0,20305016,0
1,day,2030210,20305017,0,20305040,0
1,day,2030211,20305041,0,20305064,0
1,day,2030212,20305065,0,20305088,0
1,day,2030213,20305089,0,20305112,0
1,day,2030214,20305113,0,20305136,0
1,day,2030215,20305137,0,20305160,0
1,day,2030216,20305161,0,20305184,0
1,day,2030217,20305185,0,20305208,0
1,day,2030218,20305209,0,20305232,0
1,day,2030219,20305233,0,20305256,0
1,day,2030220,20305257,0,20305280,0
1,day,2030221,20305281,0,20305304,0
1,day,2030222,20305305,0,20305328,0
1,day,2030223,20305329,0,20305352,0
1,day,2030224,20305353,0,20305376,0
1,day,2030225,20305377,0,20305400,0
1,day,2030226,20305401,0,20305424,0
1,day,2030227,20305425,0,20305448,0
1,day,2030228,20305449,0,20305472,0
1,day,2030229,20305473,0,20305496,0
1,day,2030230,20305497,0,20305520,0
1,day,2030231,20305521,0,20305544,0
1,day,2030232,20305545,0,20305568,0
1,day,2030233,20305569,0,20305592,0
1,day,2030234,20305593,0,20305616,0
1,day,2030235,20305617,0,20305640,0
1,day,2030236,20305641,0,20305664,0
1,day,2030237,20305665,0,20305688,0
1,day,2030238,20305689,0,20305712,0
1,day,2030239,20305713,0,20305736,0
1,day,2030240,20305737,0,20305760,0
1,day,2030241,20305761,0,20305784,0
1,day,2030242,20305785,0,20305808,0
1,day,2030243,20305809,0,20305832,0
1,day,2030244,20305833,0,20305856,0
1,day,2030245,20305857,0,20305880,0
1,day,2030246,20305881,0,20305904,0
1,day,2030247,20305905,0,20305928,0
1,day,2030248,20305929,0,20305952,0
1,day,2030249,20305953,0,20305976,0
1,day,2030250,20305977,0,20306000,0
1,day,2030251,20306001,0,20306024,0
1,day,2030252,20306025,0,20306048,0
1,day,2030253,20306049,0,20306072,0
1,day,2030254,20306073,0,20306096,0
1,day,2030255,20306097,0,20306120,0
1,day,2030256,20306121,0,20306144,0
1,day,2030257,20306145,0,20306168,0
1,day,2030258,20306169,0,20306192,0
1,day,2030259,20306193,0,20306216,0
1,day,2030260,20306217,0,20306240,0
1,day,2030261,20306241,0,20306264,0
1,day,2030262,20306265,0,20306288,0
1,day,2030263,20306289,0,20306312,0
1,day,2030264,20306313,0,20306336,0
1,day,2030265,20306337,0,20306360,0
1,day,2030266,20306361,0,20306384,0
1,day,2030267,20306385,0,20306408,0
1,day,2030268,20306409,0,20306432,0
1,day,2030269,20306433,0,20306456,0
1,day,2030270,20306457,0,20306480,0
1,day,2030271,20306481,0,20306504,0
1,day,2030272,20306505,0,20306528,0
1,day,2030273,20306529,0,20306552,0
1,day,2030274,20306553,0,20306576,0
1,day,2030275,20306577,0,20306600,0
1,day,2030276,20306601,0,20306624,0
1,day,2030277,20306625,0,20306648,0
1,day,2030278,20306649,0,20306672,0
1,day,2030279,20306673,0,20306696,0
1,day,2030280,20306697,0,20306720,0
1,day,2030281,20306721,0,20306744,0
1,day,2030282,20306745,0,20306768,0
1,day,2030283,20306769,0,20306792,0
1,day,2030284,20306793,0,20306816,0
1,day,2030285,20306817,0,20306840,0
1,day,2030286,20306841,0,20306864,0
1,day,2030287,20306865,0,20306888,0
1,day,2030288,20306889,0,20306912,0
1,day,2030289,20306913,0,20306936,0
1,day,2030290,20306937,0,20306960,0
1,day,2030291,20306961,0,20306984,0
1,day,2030292,20306985,0,20307008,0
1,day,2030293,20307009,0,20307032,0
1,day,2030294,20307033,0,20307056,0
1,day,2030295,20307057,0,20307080,0
1,day,2030296,20307081,0,20307104,0
1,day,2030297,20307105,0,20307128,0
1,day,2030298,20307129,0,20307152,0
1,day,2030299,20307153,0,20307176,0
1,day,2030300,20307177,0,20307200,0
1,day,2030301,20307201,0,20307224,0
1,day,2030302,20307225,0,20307248,0
1,day,2030303,20307249,0,20307272,0
1,day,2030304,20307273,0,20307296,0
1,day,2030305,20307297,0,20307320,0
1,day,2030306,20307321,0,20307344,0
1,day,2030307,20307345,0,20307368,0
1,day,2030308,20307369,0,20307392,0
1,day,2030309,20307393,0,20307416,0
1,day,2030310,20307417,0,20307440,0
1,day,2030311,20307441,0,20307464,0
1,day,2030312,20307465,0,20307488,0
1,day,2030313,20307489,0,20307512,0
1,day,2030314,20307513,0,20307536,0
1,day,2030315,20307537,0,20307560,0
1,day,2030316,20307561,0,20307584,0
1,day,2030317,20307585,0,20307608,0
1,day,2030318,20307609,0,20307632,0
1,day,2030319,20307633,0,20307656,0
1,day,2030320,20307657,0,20307680,0
1,day,2030321,20307681,0,20307704,0
1,day,2030322,20307705,0,20307728,0
1,day,2030323,20307729,0,20307752,0
1,day,2030324,20307753,0,20307776,0
1,day,2030325,20307777,0,20307800,0
1,day,2030326,20307801,0,20307824,0
1,day,2030327,20307825,0,20307848,0
1,day,2030328,20307849,0,20307872,0
1,day,2030329,20307873,0,20307896,0
1,day,2030330,20307897,0,20307920,0
1,day,2030331,20307921,0,20307944,0
1,day,2030332,20307945,0,20307968,0
1,day,2030333,20307969,0,20307992,0
1,day,2030334,20307993,0,20308016,0
1,day,2030335,20308017,0,20308040,0
1,day,2030336,20308041,0,20308064,0
1,day,2030337,20308065,0,20308088,0
1,day,2030338,20308089,0,20308112,0
1,day,2030339,20308113,0,20308136,0
1,day,2030340,20308137,0,20308160,0
1,day,2030341,20308161,0,20308184,0
1,day,2030342,20308185,0,20308208,0
1,day,2030343,20308209,0,20308232,0
1,day,2030344,20308233,0,20308256,0
1,day,2030345,20308257,0,20308280,0
1,day,2030346,20308281,0,20308304,0
1,day,2030347,20308305,0,20308328,0
1,day,2030348,20308329,0,20308352,0
1,day,2030349,20308353,0,20308376,0
1,day,2030350,20308377,0,20308400,0
1,day,2030351,20308401,0,20308424,0
1,day,2030352,20308425,0,20308448,0
1,day,2030353,20308449,0,20308472,0
1,day,2030354,20308473,0,20308496,0
1,day,2030355,20308497,0,20308520,0
1,day,2030356,20308521,0,20308544,0
1,day,2030357,20308545,0,20308568,0
1,day,2030358,20308569,0,20308592,0
1,day,2030359,20308593,0,20308616,0
1,day,2030360,20308617,0,20308640,0
1,day,2030361,20308641,0,20308664,0
1,day,2030362,20308665,0,20308688,0
1,day,2030363,20308689,0,20308712,0
1,day,2030364,20308713,0,20308736,0
1,day,2030365,20308737,0,20308760,0
1,day,2035001,20350001,0,20350024,0
1,day,2035002,20350025,0,20350048,0
1,day,2035003,20350049,0,20350072,0
1,day,2035004,20350073,0,20350096,0
1,day,2035005,20350097,0,20350120,0
1,day,2035006,20350121,0,20350144,0
1,day,2035007,20350145,0,20350168,0
1,day,2035008,20350169,0,20350192,0
1,day,2035009,20350193,0,20350216,0
1,day,2035010,20350217,0,20350240,0
1,day,2035011,20350241,0,20350264,0
1,day,2035012,20350265,0,20350288,0
1,day,2035013,20350289,0,20350312,0
1,day,2035014,20350313,0,20350336,0
1,day,2035015,20350337,0,20350360,0
1,day,2035016,20350361,0,20350384,0
1,day,2035017,20350385,0,20350408,0
1,day,2035018,20350409,0,20350432,0
1,day,2035019,20350433,0,20350456,0
1,day,2035020,20350457,0,20350480,0
1,day,2035021,20350481,0,20350504,0
1,day,2035022,20350505,0,20350528,0
1,day,2035023,20350529,0,20350552,0
1,day,2035024,20350553,0,20350576,0
1,day,2035025,20350577,0,20350600,0
1,day,2035026,20350601,0,20350624,0
1,day,2035027,20350625,0,20350648,0
1,day,2035028,20350649,0,20350672,0
1,day,2035029,20350673,0,20350696,0
1,day,2035030,20350697,0,20350720,0
1,day,2035031,20350721,0,20350744,0
1,day,2035032,20350745,0,20350768,0
1,day,2035033,20350769,0,20350792,0
1,day,2035034,20350793,0,20350816,0
1,day,2035035,20350817,0,20350840,0
1,day,2035036,20350841,0,20350864,0
1,day,2035037,20350865,0,20350888,0
1,day,2035038,20350889,0,20350912,0
1,day,2035039,20350913,0,20350936,0
1,day,2035040,20350937,0,20350960,0
1,day,2035041,20350961,0,20350984,0
1,day,2035042,20350985,0,20351008,0
1,day,2035043,20351009,0,20351032,0
1,day,2035044,20351033,0,20351056,0
1,day,2035045,20351057,0,20351080,0
1,day,2035046,20351081,0,20351104,0
1,day,2035047,20351105,0,20351128,0
1,day,2035048,20351129,0,20351152,0
1,day,2035049,20351153,0,20351176,0
1,day,2035050,20351177,0,20351200,0
1,day,2035051,20351201,0,20351224,0
1,day,2035052,20351225,0,20351248,0
1,day,2035053,20351249,0,20351272,0
1,day,2035054,20351273,0,20351296,0
1,day,2035055,20351297,0,20351320,0
1,day,2035056,20351321,0,20351344,0
1,day,2035057,20351345,0,20351368,0
1,day,2035058,20351369,0,20351392,0
1,day,2035059,20351393,0,20351416,0
1,day,2035060,20351417,0,20351440,0
1,day,2035061,20351441,0,20351464,0
1,day,2035062,20351465,0,20351488,0
1,day,2035063,20351489,0,20351512,0
1,day,2035064,20351513,0,20351536,0
1,day,2035065,20351537,0,20351560,0
1,day,2035066,20351561,0,20351584,0
1,day,2035067,20351585,0,20351608,0
1,day,2035068,20351609,0,20351632,0
1,day,2035069,20351633,0,20351656,0
1,day,2035070,20351657,0,20351680,0
1,day,2035071,20351681,0,20351704,0
1,day,2035072,20351705,0,20351728,0
1,day,2035073,20351729,0,20351752,0
1,day,2035074,20351753,0,20351776,0
1,day,2035075,20351777,0,20351800,0
1,day,2035076,20351801,0,20351824,0
1,day,2035077,20351825,0,20351848,0
1,day,2035078,20351849,0,20351872,0
1,day,2035079,20351873,0,20351896,0
1,day,2035080,20351897,0,20351920,0
1,day,2035081,20351921,0,20351944,0
1,day,2035082,20351945,0,20351968,0
1,day,2035083,20351969,0,20351992,0
1,day,2035084,20351993,0,20352016,0
1,day,2035085,20352017,0,20352040,0
1,day,2035086,20352041,0,20352064,0
1,day,2035087,20352065,0,20352088,0
1,day,2035088,20352089,0,20352112,0
1,day,2035089,20352113,0,20352136,0
1,day,2035090,20352137,0,20352160,0
1,day,2035091,20352161,0,20352184,0
1,day,2035092,20352185,0,20352208,0
1,day,2035093,20352209,0,20352232,0
1,day,2035094,20352233,0,20352256,0
1,day,2035095,20352257,0,20352280,0
1,day,2035096,20352281,0,20352304,0
1,day,2035097,20352305,0,20352328,0
1,day,2035098,20352329,0,20352352,0
1,day,2035099,20352353,0,20352376,0
1,day,2035100,20352377,0,20352400,0
1,day,2035101,20352401,0,20352424,0
1,day,2035102,20352425,0,20352448,0
1,day,2035103,20352449,0,20352472,0
1,day,2035104,20352473,0,20352496,0
1,day,2035105,20352497,0,20352520,0
1,day,2035106,20352521,0,20352544,0
1,day,2035107,20352545,0,20352568,0
1,day,2035108,20352569,0,20352592,0
1,day,2035109,20352593,0,20352616,0
1,day,2035110,20352617,0,20352640,0
1,day,2035111,20352641,0,20352664,0
1,day,2035112,20352665,0,20352688,0
1,day,2035113,20352689,0,20352712,0
1,day,2035114,20352713,0,20352736,0
1,day,2035115,20352737,0,20352760,0
1,day,2035116,20352761,0,20352784,0
1,day,2035117,20352785,0,20352808,0
1,day,2035118,20352809,0,20352832,0
1,day,2035119,20352833,0,20352856,0
1,day,2035120,20352857,0,20352880,0
1,day,2035121,20352881,0,20352904,0
1,day,2035122,20352905,0,20352928,0
1,day,2035123,20352929,0,20352952,0
1,day,2035124,20352953,0,20352976,0
1,day,2035125,20352977,0,20353000,0
1,day,2035126,20353001,0,20353024,0
1,day,2035127,20353025,0,20353048,0
1,day,2035128,20353049,0,20353072,0
1,day,2035129,20353073,0,20353096,0
1,day,2035130,20353097,0,20353120,0
1,day,2035131,20353121,0,20353144,0
1,day,2035132,20353145,0,20353168,0
1,day,2035133,20353169,0,20353192,0
1,day,2035134,20353193,0,20353216,0
1,day,2035135,20353217,0,20353240,0
1,day,2035136,20353241,0,20353264,0
1,day,2035137,20353265,0,20353288,0
1,day,2035138,20353289,0,20353312,0
1,day,2035139,20353313,0,20353336,0
1,day,2035140,20353337,0,20353360,0
1,day,2035141,20353361,0,20353384,0
1,day,2035142,20353385,0,20353408,0
1,day,2035143,20353409,0,20353432,0
1,day,2035144,20353433,0,20353456,0
1,day,2035145,20353457,0,20353480,0
1,day,2035146,20353481,0,20353504,0
1,day,2035147,20353505,0,20353528,0
1,day,2035148,20353529,0,20353552,0
1,day,2035149,20353553,0,20353576,0
1,day,2035150,20353577,0,20353600,0
1,day,2035151,20353601,0,20353624,0
1,day,2035152,20353625,0,20353648,0
1,day,2035153,20353649,0,20353672,0
1,day,2035154,20353673,0,20353696,0
1,day,2035155,20353697,0,20353720,0
1,day,2035156,20353721,0,20353744,0
1,day,2035157,20353745,0,20353768,0
1,day,2035158,20353769,0,20353792,0
1,day,2035159,20353793,0,20353816,0
1,day,2035160,20353817,0,20353840,0
1,day,2035161,20353841,0,20353864,0
1,day,2035162,20353865,0,20353888,0
1,day,2035163,20353889,0,20353912,0
1,day,2035164,20353913,0,20353936,0
1,day,2035165,20353937,0,20353960,0
1,day,2035166,20353961,0,20353984,0
1,day,2035167,20353985,0,20354008,0
1,day,2035168,20354009,0,20354032,0
1,day,2035169,20354033,0,20354056,0
1,day,2035170,20354057,0,20354080,0
1,day,2035171,20354081,0,20354104,0
1,day,2035172,20354105,0,20354128,0
1,day,2035173,20354129,0,20354152,0
1,day,2035174,20354153,0,20354176,0
1,day,2035175,20354177,0,20354200,0
1,day,2035176,20354201,0,20354224,0
1,day,2035177,20354225,0,20354248,0
1,day,2035178,20354249,0,20354272,0
1,day,2035179,20354273,0,20354296,0
1,day,2035180,20354297,0,20354320,0
1,day,2035181,20354321,0,20354344,0
1,day,2035182,20354345,0,20354368,0
1,day,2035183,20354369,0,20354392,0
1,day,2035184,20354393,0,20354416,0
1,day,2035185,20354417,0,20354440,0
1,day,2035186,20354441,0,20354464,0
1,day,2035187,20354465,0,20354488,0
1,day,2035188,20354489,0,20354512,0
1,day,2035189,20354513,0,20354536,0
1,day,2035190,20354537,0,20354560,0
1,day,2035191,20354561,0,20354584,0
1,day,2035192,20354585,0,20354608,0
1,day,2035193,20354609,0,20354632,0
1,day,2035194,20354633,0,20354656,0
1,day,2035195,20354657,0,20354680,0
1,day,2035196,20354681,0,20354704,0
1,day,2035197,20354705,0,20354728,0
1,day,2035198,20354729,0,20354752,0
1,day,2035199,20354753,0,20354776,0
1,day,2035200,20354777,0,20354800,0
1,day,2035201,20354801,0,20354824,0
1,day,2035202,20354825,0,20354848,0
1,day,2035203,20354849,0,20354872,0
1,day,2035204,20354873,0,20354896,0
1,day,2035205,20354897,0,20354920,0
1,day,2035206,20354921,0,20354944,0
1,day,2035207,20354945,0,20354968,0
1,day,2035208,20354969,0,20354992,0
1,day,2035209,20354993,0,20355016,0
1,day,2035210,20355017,0,20355040,0
1,day,2035211,20355041,0,20355064,0
1,day,2035212,20355065,0,20355088,0
1,day,2035213,20355089,0,20355112,0
1,day,2035214,20355113,0,20355136,0
1,day,2035215,20355137,0,20355160,0
1,day,2035216,20355161,0,20355184,0
1,day,2035217,20355185,0,20355208,0
1,day,2035218,20355209,0,20355232,0
1,day,2035219,20355233,0,20355256,0
1,day,2035220,20355257,0,20355280,0
1,day,2035221,20355281,0,20355304,0
1,day,2035222,20355305,0,20355328,0
1,day,2035223,20355329,0,20355352,0
1,day,2035224,20355353,0,20355376,0
1,day,2035225,20355377,0,20355400,0
1,day,2035226,20355401,0,20355424,0
1,day,2035227,20355425,0,20355448,0
1,day,2035228,20355449,0,20355472,0
1,day,2035229,20355473,0,20355496,0
1,day,2035230,20355497,0,20355520,0
1,day,2035231,20355521,0,20355544,0
1,day,2035232,20355545,0,20355568,0
1,day,2035233,20355569,0,20355592,0
1,day,2035234,20355593,0,20355616,0
1,day,2035235,20355617,0,20355640,0
1,day,2035236,20355641,0,20355664,0
1,day,2035237,20355665,0,20355688,0
1,day,2035238,20355689,0,20355712,0
1,day,2035239,20355713,0,20355736,0
1,day,2035240,20355737,0,20355760,0
1,day,2035241,20355761,0,20355784,0
1,day,2035242,20355785,0,20355808,0
1,day,2035243,20355809,0,20355832,0
1,day,2035244,20355833,0,20355856,0
1,day,2035245,20355857,0,20355880,0
1,day,2035246,20355881,0,20355904,0
1,day,2035247,20355905,0,20355928,0
1,day,2035248,20355929,0,20355952,0
1,day,2035249,20355953,0,20355976,0
1,day,2035250,20355977,0,20356000,0
1,day,2035251,20356001,0,20356024,0
1,day,2035252,20356025,0,20356048,0
1,day,2035253,20356049,0,20356072,0
1,day,2035254,20356073,0,20356096,0
1,day,2035255,20356097,0,20356120,0
1,day,2035256,20356121,0,20356144,0
1,day,2035257,20356145,0,20356168,0
1,day,2035258,20356169,0,20356192,0
1,day,2035259,20356193,0,20356216,0
1,day,2035260,20356217,0,20356240,0
1,day,2035261,20356241,0,20356264,0
1,day,2035262,20356265,0,20356288,0
1,day,2035263,20356289,0,20356312,0
1,day,2035264,20356313,0,20356336,0
1,day,2035265,20356337,0,20356360,0
1,day,2035266,20356361,0,20356384,0
1,day,2035267,20356385,0,20356408,0
1,day,2035268,20356409,0,20356432,0
1,day,2035269,20356433,0,20356456,0
1,day,2035270,20356457,0,20356480,0
1,day,2035271,20356481,0,20356504,0
1,day,2035272,20356505,0,20356528,0
1,day,2035273,20356529,0,20356552,0
1,day,2035274,20356553,0,20356576,0
1,day,2035275,20356577,0,20356600,0
1,day,2035276,20356601,0,20356624,0
1,day,2035277,20356625,0,20356648,0
1,day,2035278,20356649,0,20356672,0
1,day,2035279,20356673,0,20356696,0
1,day,2035280,20356697,0,20356720,0
1,day,2035281,20356721,0,20356744,0
1,day,2035282,20356745,0,20356768,0
1,day,2035283,20356769,0,20356792,0
1,day,2035284,20356793,0,20356816,0
1,day,2035285,20356817,0,20356840,0
1,day,2035286,20356841,0,20356864,0
1,day,2035287,20356865,0,20356888,0
1,day,2035288,20356889,0,20356912,0
1,day,2035289,20356913,0,20356936,0
1,day,2035290,20356937,0,20356960,0
1,day,2035291,20356961,0,20356984,0
1,day,2035292,20356985,0,20357008,0
1,day,2035293,20357009,0,20357032,0
1,day,2035294,20357033,0,20357056,0
1,day,2035295,20357057,0,20357080,0
1,day,2035296,20357081,0,20357104,0
1,day,2035297,20357105,0,20357128,0
1,day,2035298,20357129,0,20357152,0
1,day,2035299,20357153,0,20357176,0
1,day,2035300,20357177,0,20357200,0
1,day,2035301,20357201,0,20357224,0
1,day,2035302,20357225,0,20357248,0
1,day,2035303,20357249,0,20357272,0
1,day,2035304,20357273,0,20357296,0
1,day,2035305,20357297,0,20357320,0
1,day,2035306,20357321,0,20357344,0
1,day,2035307,20357345,0,20357368,0
1,day,2035308,20357369,0,20357392,0
1,day,2035309,20357393,0,20357416,0
1,day,2035310,20357417,0,20357440,0
1,day,2035311,20357441,0,20357464,0
1,day,2035312,20357465,0,20357488,0
1,day,2035313,20357489,0,20357512,0
1,day,2035314,20357513,0,20357536,0
1,day,2035315,20357537,0,20357560,0
1,day,2035316,20357561,0,20357584,0
1,day,2035317,20357585,0,20357608,0
1,day,2035318,20357609,0,20357632,0
1,day,2035319,20357633,0,20357656,0
1,day,2035320,20357657,0,20357680,0
1,day,2035321,20357681,0,20357704,0
1,day,2035322,20357705,0,20357728,0
1,day,2035323,20357729,0,20357752,0
1,day,2035324,20357753,0,20357776,0
1,day,2035325,20357777,0,20357800,0
1,day,2035326,20357801,0,20357824,0
1,day,2035327,20357825,0,20357848,0
1,day,2035328,20357849,0,20357872,0
1,day,2035329,20357873,0,20357896,0
1,day,2035330,20357897,0,20357920,0
1,day,2035331,20357921,0,20357944,0
1,day,2035332,20357945,0,20357968,0
1,day,2035333,20357969,0,20357992,0
1,day,2035334,20357993,0,20358016,0
1,day,2035335,20358017,0,20358040,0
1,day,2035336,20358041,0,20358064,0
1,day,2035337,20358065,0,20358088,0
1,day,2035338,20358089,0,20358112,0
1,day,2035339,20358113,0,20358136,0
1,day,2035340,20358137,0,20358160,0
1,day,2035341,20358161,0,20358184,0
1,day,2035342,20358185,0,20358208,0
1,day,2035343,20358209,0,20358232,0
1,day,2035344,20358233,0,20358256,0
1,day,2035345,20358257,0,20358280,0
1,day,2035346,20358281,0,20358304,0
1,day,2035347,20358305,0,20358328,0
1,day,2035348,20358329,0,20358352,0
1,day,2035349,20358353,0,20358376,0
1,day,2035350,20358377,0,20358400,0
1,day,2035351,20358401,0,20358424,0
1,day,2035352,20358425,0,20358448,0
1,day,2035353,20358449,0,20358472,0
1,day,2035354,20358473,0,20358496,0
1,day,2035355,20358497,0,20358520,0
1,day,2035356,20358521,0,20358544,0
1,day,2035357,20358545,0,20358568,0
1,day,2035358,20358569,0,20358592,0
1,day,2035359,20358593,0,20358616,0
1,day,2035360,20358617,0,20358640,0
1,day,2035361,20358641,0,20358664,0
1,day,2035362,20358665,0,20358688,0
1,day,2035363,20358689,0,20358712,0
1,day,2035364,20358713,0,20358736,0
1,day,2035365,20358737,0,20358760,0
