balancing_type_horizon,horizon,boundary
year,2030,linear
year,2035,linear
month,203001,circular
month,203002,circular
month,203003,circular
month,203004,circular
month,203005,circular
month,203006,circular
month,203007,circular
month,203008,circular
month,203009,circular
month,203010,circular
month,203011,circular
month,203012,circular
month,203501,circular
month,203502,circular
month,203503,circular
month,203504,circular
month,203505,circular
month,203506,circular
month,203507,circular
month,203508,circular
month,203509,circular
month,203510,circular
month,203511,circular
month,203512,circular
day,2030001,circular
day,2030002,circular
day,2030003,circular
day,2030004,circular
day,2030005,circular
day,2030006,circular
day,2030007,circular
day,2030008,circular
day,2030009,circular
day,2030010,circular
day,2030011,circular
day,2030012,circular
day,2030013,circular
day,2030014,circular
day,2030015,circular
day,2030016,circular
day,2030017,circular
day,2030018,circular
day,2030019,circular
day,2030020,circular
day,2030021,circular
day,2030022,circular
day,2030023,circular
day,2030024,circular
day,2030025,circular
day,2030026,circular
day,2030027,circular
day,2030028,circular
day,2030029,circular
day,2030030,circular
day,2030031,circular
day,2030032,circular
day,2030033,circular
day,2030034,circular
day,2030035,circular
day,2030036,circular
day,2030037,circular
day,2030038,circular
day,2030039,circular
day,2030040,circular
day,2030041,circular
day,2030042,circular
day,2030043,circular
day,2030044,circular
day,2030045,circular
day,2030046,circular
day,2030047,circular
day,2030048,circular
day,2030049,circular
day,2030050,circular
day,2030051,circular
day,2030052,circular
day,2030053,circular
day,2030054,circular
day,2030055,circular
day,2030056,circular
day,2030057,circular
day,2030058,circular
day,2030059,circular
day,2030060,circular
day,2030061,circular
day,2030062,circular
day,2030063,circular
day,2030064,circular
day,2030065,circular
day,2030066,circular
day,2030067,circular
day,2030068,circular
day,2030069,circular
day,2030070,circular
day,2030071,circular
day,2030072,circular
day,2030073,circular
day,2030074,circular
day,2030075,circular
day,2030076,circular
day,2030077,circular
day,2030078,circular
day,2030079,circular
day,2030080,circular
day,2030081,circular
day,2030082,circular
day,2030083,circular
day,2030084,circular
day,2030085,circular
day,2030086,circular
day,2030087,circular
day,2030088,circular
day,2030089,circular
day,2030090,circular
day,2030091,circular
day,2030092,circular
day,2030093,circular
day,2030094,circular
day,2030095,circular
day,2030096,circular
day,2030097,circular
day,2030098,circular
day,2030099,circular
day,2030100,circular
day,2030101,circular
day,2030102,circular
day,2030103,circular
day,2030104,circular
day,2030105,circular
day,2030106,circular
day,2030107,circular
day,2030108,circular
day,2030109,circular
day,2030110,circular
day,2030111,circular
day,2030112,circular
day,2030113,circular
day,2030114,circular
day,2030115,circular
day,2030116,circular
day,2030117,circular
day,2030118,circular
day,2030119,circular
day,2030120,circular
day,2030121,circular
day,2030122,circular
day,2030123,circular
day,2030124,circular
day,2030125,circular
day,2030126,circular
day,2030127,circular
day,2030128,circular
day,2030129,circular
day,2030130,circular
day,2030131,circular
day,2030132,circular
day,2030133,circular
day,2030134,circular
day,2030135,circular
day,2030136,circular
day,2030137,circular
day,2030138,circular
day,2030139,circular
day,2030140,circular
day,2030141,circular
day,2030142,circular
day,2030143,circular
day,2030144,circular
day,2030145,circular
day,2030146,circular
day,2030147,circular
day,2030148,circular
day,2030149,circular
day,2030150,circular
day,2030151,circular
day,2030152,circular
day,2030153,circular
day,2030154,circular
day,2030155,circular
day,2030156,circular
day,2030157,circular
day,2030158,circular
day,2030159,circular
day,2030160,circular
day,2030161,circular
day,2030162,circular
day,2030163,circular
day,2030164,circular
day,2030165,circular
day,2030166,circular
day,2030167,circular
day,2030168,circular
day,2030169,circular
day,2030170,circular
day,2030171,circular
day,2030172,circular
day,2030173,circular
day,2030174,circular
day,2030175,circular
day,2030176,circular
day,2030177,circular
day,2030178,circular
day,2030179,circular
day,2030180,circular
day,2030181,circular
day,2030182,circular
day,2030183,circular
day,2030184,circular
day,2030185,circular
day,2030186,circular
day,2030187,circular
day,2030188,circular
day,2030189,circular
day,2030190,circular
day,2030191,circular
day,2030192,circular
day,2030193,circular
day,2030194,circular
day,2030195,circular
day,2030196,circular
day,2030197,circular
day,2030198,circular
day,2030199,circular
day,2030200,circular
day,2030201,circular
day,2030202,circular
day,2030203,circular
day,2030204,circular
day,2030205,circular
day,2030206,circular
day,2030207,circular
day,2030208,circular
day,2030209,circular
day,2030210,circular
day,2030211,circular
day,2030212,circular
day,2030213,circular
day,2030214,circular
day,2030215,circular
day,2030216,circular
day,2030217,circular
day,2030218,circular
day,2030219,circular
day,2030220,circular
day,2030221,circular
day,2030222,circular
day,2030223,circular
day,2030224,circular
day,2030225,circular
day,2030226,circular
day,2030227,circular
day,2030228,circular
day,2030229,circular
day,2030230,circular
day,2030231,circular
day,2030232,circular
day,2030233,circular
day,2030234,circular
day,2030235,circular
day,2030236,circular
day,2030237,circular
day,2030238,circular
day,2030239,circular
day,2030240,circular
day,2030241,circular
day,2030242,circular
day,2030243,circular
day,2030244,circular
day,2030245,circular
day,2030246,circular
day,2030247,circular
day,2030248,circular
day,2030249,circular
day,2030250,circular
day,2030251,circular
day,2030252,circular
day,2030253,circular
day,2030254,circular
day,2030255,circular
day,2030256,circular
day,2030257,circular
day,2030258,circular
day,2030259,circular
day,2030260,circular
day,2030261,circular
day,2030262,circular
day,2030263,circular
day,2030264,circular
day,2030265,circular
day,2030266,circular
day,2030267,circular
day,2030268,circular
day,2030269,circular
day,2030270,circular
day,2030271,circular
day,2030272,circular
day,2030273,circular
day,2030274,circular
day,2030275,circular
day,2030276,circular
day,2030277,circular
day,2030278,circular
day,2030279,circular
day,2030280,circular
day,2030281,circular
day,2030282,circular
day,2030283,circular
day,2030284,circular
day,2030285,circular
day,2030286,circular
day,2030287,circular
day,2030288,circular
day,2030289,circular
day,2030290,circular
day,2030291,circular
day,2030292,circular
day,2030293,circular
day,2030294,circular
day,2030295,circular
day,2030296,circular
day,2030297,circular
day,2030298,circular
day,2030299,circular
day,2030300,circular
day,2030301,circular
day,2030302,circular
day,2030303,circular
day,2030304,circular
day,2030305,circular
day,2030306,circular
day,2030307,circular
day,2030308,circular
day,2030309,circular
day,2030310,circular
day,2030311,circular
day,2030312,circular
day,2030313,circular
day,2030314,circular
day,2030315,circular
day,2030316,circular
day,2030317,circular
day,2030318,circular
day,2030319,circular
day,2030320,circular
day,2030321,circular
day,2030322,circular
day,2030323,circular
day,2030324,circular
day,2030325,circular
day,2030326,circular
day,2030327,circular
day,2030328,circular
day,2030329,circular
day,2030330,circular
day,2030331,circular
day,2030332,circular
day,2030333,circular
day,2030334,circular
day,2030335,circular
day,2030336,circular
day,2030337,circular
day,2030338,circular
day,2030339,circular
day,2030340,circular
day,2030341,circular
day,2030342,circular
day,2030343,circular
day,2030344,circular
day,2030345,circular
day,2030346,circular
day,2030347,circular
day,2030348,circular
day,2030349,circular
day,2030350,circular
day,2030351,circular
day,2030352,circular
day,2030353,circular
day,2030354,circular
day,2030355,circular
day,2030356,circular
day,2030357,circular
day,2030358,circular
day,2030359,circular
day,2030360,circular
day,2030361,circular
day,2030362,circular
day,2030363,circular
day,2030364,circular
day,2030365,circular
day,2035001,circular
day,2035002,circular
day,2035003,circular
day,2035004,circular
day,2035005,circular
day,2035006,circular
day,2035007,circular
day,2035008,circular
day,2035009,circular
day,2035010,circular
day,2035011,circular
day,2035012,circular
day,2035013,circular
day,2035014,circular
day,2035015,circular
day,2035016,circular
day,2035017,circular
day,2035018,circular
day,2035019,circular
day,2035020,circular
day,2035021,circular
day,2035022,circular
day,2035023,circular
day,2035024,circular
day,2035025,circular
day,2035026,circular
day,2035027,circular
day,2035028,circular
day,2035029,circular
day,2035030,circular
day,2035031,circular
day,2035032,circular
day,2035033,circular
day,2035034,circular
day,2035035,circular
day,2035036,circular
day,2035037,circular
day,2035038,circular
day,2035039,circular
day,2035040,circular
day,2035041,circular
day,2035042,circular
day,2035043,circular
day,2035044,circular
day,2035045,circular
day,2035046,circular
day,2035047,circular
day,2035048,circular
day,2035049,circular
day,2035050,circular
day,2035051,circular
day,2035052,circular
day,2035053,circular
day,2035054,circular
day,2035055,circular
day,2035056,circular
day,2035057,circular
day,2035058,circular
day,2035059,circular
day,2035060,circular
day,2035061,circular
day,2035062,circular
day,2035063,circular
day,2035064,circular
day,2035065,circular
day,2035066,circular
day,2035067,circular
day,2035068,circular
day,2035069,circular
day,2035070,circular
day,2035071,circular
day,2035072,circular
day,2035073,circular
day,2035074,circular
day,2035075,circular
day,2035076,circular
day,2035077,circular
day,2035078,circular
day,2035079,circular
day,2035080,circular
day,2035081,circular
day,2035082,circular
day,2035083,circular
day,2035084,circular
day,2035085,circular
day,2035086,circular
day,2035087,circular
day,2035088,circular
day,2035089,circular
day,2035090,circular
day,2035091,circular
day,2035092,circular
day,2035093,circular
day,2035094,circular
day,2035095,circular
day,2035096,circular
day,2035097,circular
day,2035098,circular
day,2035099,circular
day,2035100,circular
day,2035101,circular
day,2035102,circular
day,2035103,circular
day,2035104,circular
day,2035105,circular
day,2035106,circular
day,2035107,circular
day,2035108,circular
day,2035109,circular
day,2035110,circular
day,2035111,circular
day,2035112,circular
day,2035113,circular
day,2035114,circular
day,2035115,circular
day,2035116,circular
day,2035117,circular
day,2035118,circular
day,2035119,circular
day,2035120,circular
day,2035121,circular
day,2035122,circular
day,2035123,circular
day,2035124,circular
day,2035125,circular
day,2035126,circular
day,2035127,circular
day,2035128,circular
day,2035129,circular
day,2035130,circular
day,2035131,circular
day,2035132,circular
day,2035133,circular
day,2035134,circular
day,2035135,circular
day,2035136,circular
day,2035137,circular
day,2035138,circular
day,2035139,circular
day,2035140,circular
day,2035141,circular
day,2035142,circular
day,2035143,circular
day,2035144,circular
day,2035145,circular
day,2035146,circular
day,2035147,circular
day,2035148,circular
day,2035149,circular
day,2035150,circular
day,2035151,circular
day,2035152,circular
day,2035153,circular
day,2035154,circular
day,2035155,circular
day,2035156,circular
day,2035157,circular
day,2035158,circular
day,2035159,circular
day,2035160,circular
day,2035161,circular
day,2035162,circular
day,2035163,circular
day,2035164,circular
day,2035165,circular
day,2035166,circular
day,2035167,circular
day,2035168,circular
day,2035169,circular
day,2035170,circular
day,2035171,circular
day,2035172,circular
day,2035173,circular
day,2035174,circular
day,2035175,circular
day,2035176,circular
day,2035177,circular
day,2035178,circular
day,2035179,circular
day,2035180,circular
day,2035181,circular
day,2035182,circular
day,2035183,circular
day,2035184,circular
day,2035185,circular
day,2035186,circular
day,2035187,circular
day,2035188,circular
day,2035189,circular
day,2035190,circular
day,2035191,circular
day,2035192,circular
day,2035193,circular
day,2035194,circular
day,2035195,circular
day,2035196,circular
day,2035197,circular
day,2035198,circular
day,2035199,circular
day,2035200,circular
day,2035201,circular
day,2035202,circular
day,2035203,circular
day,2035204,circular
day,2035205,circular
day,2035206,circular
day,2035207,circular
day,2035208,circular
day,2035209,circular
day,2035210,circular
day,2035211,circular
day,2035212,circular
day,2035213,circular
day,2035214,circular
day,2035215,circular
day,2035216,circular
day,2035217,circular
day,2035218,circular
day,2035219,circular
day,2035220,circular
day,2035221,circular
day,2035222,circular
day,2035223,circular
day,2035224,circular
day,2035225,circular
day,2035226,circular
day,2035227,circular
day,2035228,circular
day,2035229,circular
day,2035230,circular
day,2035231,circular
day,2035232,circular
day,2035233,circular
day,2035234,circular
day,2035235,circular
day,2035236,circular
day,2035237,circular
day,2035238,circular
day,2035239,circular
day,2035240,circular
day,2035241,circular
day,2035242,circular
day,2035243,circular
day,2035244,circular
day,2035245,circular
day,2035246,circular
day,2035247,circular
day,2035248,circular
day,2035249,circular
day,2035250,circular
day,2035251,circular
day,2035252,circular
day,2035253,circular
day,2035254,circular
day,2035255,circular
day,2035256,circular
day,2035257,circular
day,2035258,circular
day,2035259,circular
day,2035260,circular
day,2035261,circular
day,2035262,circular
day,2035263,circular
day,2035264,circular
day,2035265,circular
day,2035266,circular
day,2035267,circular
day,2035268,circular
day,2035269,circular
day,2035270,circular
day,2035271,circular
day,2035272,circular
day,2035273,circular
day,2035274,circular
day,2035275,circular
day,2035276,circular
day,2035277,circular
day,2035278,circular
day,2035279,circular
day,2035280,circular
day,2035281,circular
day,2035282,circular
day,2035283,circular
day,2035284,circular
day,2035285,circular
day,2035286,circular
day,2035287,circular
day,2035288,circular
day,2035289,circular
day,2035290,circular
day,2035291,circular
day,2035292,circular
day,2035293,circular
day,2035294,circular
day,2035295,circular
day,2035296,circular
day,2035297,circular
day,2035298,circular
day,2035299,circular
day,2035300,circular
day,2035301,circular
day,2035302,circular
day,2035303,circular
day,2035304,circular
day,2035305,circular
day,2035306,circular
day,2035307,circular
day,2035308,circular
day,2035309,circular
day,2035310,circular
day,2035311,circular
day,2035312,circular
day,2035313,circular
day,2035314,circular
day,2035315,circular
day,2035316,circular
day,2035317,circular
day,2035318,circular
day,2035319,circular
day,2035320,circular
day,2035321,circular
day,2035322,circular
day,2035323,circular
day,2035324,circular
day,2035325,circular
day,2035326,circular
day,2035327,circular
day,2035328,circular
day,2035329,circular
day,2035330,circular
day,2035331,circular
day,2035332,circular
day,2035333,circular
day,2035334,circular
day,2035335,circular
day,2035336,circular
day,2035337,circular
day,2035338,circular
day,2035339,circular
day,2035340,circular
day,2035341,circular
day,2035342,circular
day,2035343,circular
day,2035344,circular
day,2035345,circular
day,2035346,circular
day,2035347,circular
day,2035348,circular
day,2035349,circular
day,2035350,circular
day,2035351,circular
day,2035352,circular
day,2035353,circular
day,2035354,circular
day,2035355,circular
day,2035356,circular
day,2035357,circular
day,2035358,circular
day,2035359,circular
day,2035360,circular
day,2035361,circular
day,2035362,circular
day,2035363,circular
day,2035364,circular
day,2035365,circular
